coin_id,coin_name,currency,timestamp_ms,open,high,low,close,timestamp,pct_change,rolling_7d,rolling_30d,normalized_close
binancecoin,BNB,gbp,1733184000000,516.17,525.18,496.92,511.23,2024-12-03,,511.23,511.23,1.0
binancecoin,BNB,gbp,1733529600000,511.47,622.34,497.92,574.77,2024-12-07,0.12428848072296228,543.0,543.0,1.1242884807229623
binancecoin,BNB,gbp,1733875200000,574.26,597.01,511.11,528.56,2024-12-11,-0.08039737634184119,538.1866666666666,538.1866666666666,1.0338986366214813
binancecoin,BNB,gbp,1734220800000,528.86,580.35,516.31,566.76,2024-12-15,0.07227183290449535,545.3299999999999,545.3299999999999,1.1086203861275745
binancecoin,BNB,gbp,1734566400000,566.81,579.62,546.34,547.24,2024-12-19,-0.03444138612463832,545.712,545.712,1.0704379633433092
binancecoin,BNB,gbp,1734912000000,545.65,559.06,494.83,515.98,2024-12-23,-0.057123017323295056,540.7566666666667,540.7566666666667,1.0092913170197366
binancecoin,BNB,gbp,1735257600000,516.16,571.47,507.76,548.71,2024-12-27,0.06343269118958106,541.8928571428571,541.8928571428571,1.0733133814525753
binancecoin,BNB,gbp,1735603200000,549.41,579.66,544.13,560.39,2024-12-31,0.021286289661205382,548.9157142857142,544.205,1.0961602409874225
binancecoin,BNB,gbp,1735948800000,560.7,577.62,556.16,573.97,2025-01-04,0.02423312336051686,548.8014285714286,547.5122222222221,1.1227236273301646
binancecoin,BNB,gbp,1736294400000,574.62,593.04,554.86,558.53,2025-01-08,-0.026900360646026855,553.0828571428572,548.614,1.0925219568491675
binancecoin,BNB,gbp,1736640000000,558.67,575.51,547.46,570.74,2025-01-12,0.021860956439224477,553.6514285714286,550.6254545454545,1.1164055317567436
binancecoin,BNB,gbp,1736985600000,570.66,584.36,543.6,583.87,2025-01-16,0.023005221291656497,558.8842857142857,553.3958333333334,1.1420886880660368
binancecoin,BNB,gbp,1737331200000,584.7,598.59,554.35,560.66,2025-01-20,-0.039751999588949705,565.2671428571429,553.9546153846154,1.0966883790074917
binancecoin,BNB,gbp,1737676800000,559.48,586.25,539.06,558.49,2025-01-24,-0.003870438411871624,566.6642857142857,554.2785714285714,1.0924437141795278
binancecoin,BNB,gbp,1738022400000,558.99,559.28,512.84,545.5,2025-01-28,-0.023259145195079656,564.5371428571428,553.6933333333333,1.0670344072139741
binancecoin,BNB,gbp,1738368000000,546.38,554.85,529.8,546.01,2025-02-01,0.0009349220898258181,560.5428571428571,553.213125,1.0680320012518827
binancecoin,BNB,gbp,1738713600000,546.3,549.56,426.61,459.69,2025-02-05,-0.1580923426310873,546.4228571428572,547.7117647058824,0.8991843201690042
binancecoin,BNB,gbp,1739059200000,458.88,510.27,448.38,495.63,2025-02-09,0.07818312340925404,535.6928571428572,544.8183333333333,0.9694853588404436
binancecoin,BNB,gbp,1739404800000,493.77,565.08,482.71,560.76,2025-02-13,0.13140851038072765,532.3914285714285,545.6573684210526,1.0968839856815913
binancecoin,BNB,gbp,1739750400000,560.87,584.24,518.22,536.15,2025-02-17,-0.04388686782224127,528.89,545.182,1.0487451831856502
binancecoin,BNB,gbp,1740096000000,535.67,540.71,500.75,518.68,2025-02-21,-0.03258416487923166,523.2028571428572,543.92,1.014572697220429
binancecoin,BNB,gbp,1740441600000,518.29,537.28,484.74,484.74,2025-02-25,-0.06543533585254868,514.5228571428571,541.23,0.9481837920309841
binancecoin,BNB,gbp,1740787200000,485.89,498.21,443.98,467.31,2025-03-01,-0.03595742047283079,503.28000000000003,538.0160869565218,0.9140895487354028
binancecoin,BNB,gbp,1741132800000,466.93,507.19,432.44,455.9,2025-03-05,-0.024416340330829733,502.73857142857145,534.5945833333334,0.8917708272206247
binancecoin,BNB,gbp,1741478400000,455.33,473.81,447.39,459.34,2025-03-09,0.007545514367185868,497.55428571428575,531.5844000000001,0.898499696809655
binancecoin,BNB,gbp,1741824000000,459.41,459.41,397.62,440.26,2025-03-13,-0.04153785866678272,480.34,528.071923076923,0.8611779433914285
binancecoin,BNB,gbp,1742169600000,439.21,479.95,437.79,465.53,2025-03-17,0.057397901240176186,470.2514285714286,525.7555555555556,0.9106077499364278
binancecoin,BNB,gbp,1742515200000,465.83,495.15,465.72,485.94,2025-03-21,0.043842502094387115,465.5742857142856,524.3335714285714,0.9505310721201807
binancecoin,BNB,gbp,1742860800000,486.14,495.28,479.34,492.0,2025-03-25,0.012470675392023622,466.6114285714285,523.2186206896552,0.9623848365706238
binancecoin,BNB,gbp,1743206400000,493.11,499.16,475.87,478.56,2025-03-29,-0.02731707317073173,468.2185714285714,521.73,0.9360952995716214
binancecoin,BNB,gbp,1743552000000,478.48,481.37,455.23,472.8,2025-04-02,-0.012036108324974926,470.6328571428571,520.4490000000001,0.9248283551434775
binancecoin,BNB,gbp,1743897600000,472.57,473.02,439.31,461.3,2025-04-06,-0.024323181049069387,470.9128571428572,516.6666666666666,0.9023335876220097
binancecoin,BNB,gbp,1744243200000,460.9,460.9,405.33,454.23,2025-04-10,-0.015326251896813359,472.90857142857146,514.189,0.8885041957631594
binancecoin,BNB,gbp,1744588800000,454.1,458.34,438.23,446.09,2025-04-14,-0.017920436783127602,470.1314285714285,510.1666666666667,0.8725818124914422
binancecoin,BNB,gbp,1744934400000,446.17,450.54,434.85,444.88,2025-04-18,-0.002712457127485468,464.2657142857143,506.7546666666667,0.8702149717348355
binancecoin,BNB,gbp,1745280000000,444.92,453.94,443.05,446.06,2025-04-22,0.0026524006473656048,457.70285714285717,504.424,0.8725231304892123
binancecoin,BNB,gbp,1745625600000,446.28,466.19,446.28,450.83,2025-04-26,0.010693628659821597,453.7414285714285,501.16133333333335,0.8818535688437689
binancecoin,BNB,gbp,1745971200000,450.89,457.42,446.59,447.89,2025-04-30,-0.006521305148282086,450.1828571428572,497.41133333333335,0.8761027326252371
binancecoin,BNB,gbp,1746316800000,448.11,455.02,445.21,451.41,2025-05-04,0.007859072540132628,448.77,493.32599999999996,0.8829880875535473
binancecoin,BNB,gbp,1746662400000,451.44,455.72,439.89,453.72,2025-05-08,0.005117299129394626,448.69714285714286,489.8323333333334,0.8875066017252509
binancecoin,BNB,gbp,1747008000000,453.63,506.84,450.73,489.85,2025-05-12,0.07963060918628218,454.9485714285715,487.136,0.9581792930774798
binancecoin,BNB,gbp,1747353600000,489.99,523.31,485.25,489.38,2025-05-16,-0.0009594773910380772,461.3057142857143,483.98633333333333,0.957259941709211
binancecoin,BNB,gbp,1747699200000,489.43,494.75,475.81,487.34,2025-05-20,-0.0041685397850341754,467.20285714285717,481.5423333333334,0.9532695655575767
binancecoin,BNB,gbp,1748044800000,487.29,513.18,479.96,483.92,2025-05-24,-0.007017687856527233,471.93,479.0566666666667,0.9465798173033664
binancecoin,BNB,gbp,1748390400000,485.22,513.06,485.22,508.69,2025-05-28,0.05118614647049102,480.61571428571426,477.82966666666664,0.995031590477867
binancecoin,BNB,gbp,1748736000000,508.65,513.91,481.91,489.27,2025-06-01,-0.0381764925593191,486.0242857142857,475.93833333333333,0.9570447743677013
binancecoin,BNB,gbp,1749081600000,489.26,496.61,480.74,489.79,2025-06-05,0.0010628078566028432,491.1771428571428,476.94166666666666,0.95806192907302
binancecoin,BNB,gbp,1749427200000,489.74,494.09,462.16,481.83,2025-06-09,-0.01625186304334514,490.03142857142853,476.4816666666667,0.9424916378146821
binancecoin,BNB,gbp,1749772800000,481.84,498.88,478.08,481.86,2025-06-13,6.226262374697811e-05,488.9571428571429,473.85166666666663,0.9425503198169122
binancecoin,BNB,gbp,1750118400000,481.47,486.0,471.26,480.07,2025-06-17,-0.003714771925455551,487.91857142857145,471.9823333333334,0.9390489603505271
binancecoin,BNB,gbp,1750464000000,479.52,486.22,474.59,476.71,2025-06-21,-0.006998979315516518,486.8885714285714,470.5833333333333,0.9324765761007765
binancecoin,BNB,gbp,1750809600000,476.79,479.3,449.81,472.57,2025-06-25,-0.008684525183025316,481.7285714285714,470.17766666666665,0.9243784597930481
binancecoin,BNB,gbp,1751155200000,473.17,477.14,466.63,472.83,2025-06-29,0.0005501830416658748,479.38,470.3616666666666,0.9248870371457073
binancecoin,BNB,gbp,1751500800000,472.82,487.5,469.23,483.53,2025-07-03,0.022629697777213797,478.4857142857143,471.28266666666667,0.9458169512743774
binancecoin,BNB,gbp,1751846400000,483.53,487.73,476.76,485.82,2025-07-07,0.004736003970798208,479.05571428571426,472.1653333333333,0.9502963441112611
binancecoin,BNB,gbp,1752192000000,485.79,505.64,482.46,504.5,2025-07-11,0.03845045490099208,482.28999999999996,474.3066666666667,0.9868356708330888
binancecoin,BNB,gbp,1752537600000,504.97,524.29,504.03,513.35,2025-07-15,0.017542120911793857,487.04428571428576,475.90066666666667,1.0041468614909141
binancecoin,BNB,gbp,1752883200000,513.24,564.24,502.84,543.89,2025-07-19,0.059491574948865145,496.6414285714286,477.83233333333334,1.0638851397609685
binancecoin,BNB,gbp,1753228800000,543.99,581.9,538.66,581.71,2025-07-23,0.06953611943591542,512.2328571428571,480.8226666666667,1.137863583905483
binancecoin,BNB,gbp,1753574400000,581.9,596.83,550.43,591.29,2025-07-27,0.01646868714651628,529.1557142857143,484.58033333333333,1.1566027032842359
binancecoin,BNB,gbp,1753920000000,590.24,639.77,583.93,598.74,2025-07-31,0.012599570430753104,545.6142857142856,488.7783333333333,1.1711754005046653
binancecoin,BNB,gbp,1754265600000,598.31,613.72,550.91,565.32,2025-08-04,-0.05581721615392321,556.9714285714286,492.24566666666664,1.1058036500205388
binancecoin,BNB,gbp,1754611200000,565.68,585.22,561.85,585.22,2025-08-08,0.03520130191749793,568.5028571428572,496.612,1.144729378166383
binancecoin,BNB,gbp,1754956800000,585.69,613.33,581.17,600.54,2025-08-12,0.02617818939885841,580.9585714285714,501.76033333333334,1.17469632063846
binancecoin,BNB,gbp,1755302400000,600.15,638.07,593.79,610.23,2025-08-16,0.016135478069737363,590.4357142857143,507.272,1.193650607358723
binancecoin,BNB,gbp,1755648000000,610.48,636.26,610.12,610.58,2025-08-20,0.0005735542336495758,594.5600000000001,512.756,1.1943352307180721
binancecoin,BNB,gbp,1755993600000,610.45,665.36,608.01,650.9,2025-08-24,0.06603557273412153,603.0757142857143,519.425,1.2732038417150793
binancecoin,BNB,gbp,1756339200000,650.96,657.08,616.96,633.93,2025-08-28,-0.02607159317867569,608.1028571428571,525.6263333333334,1.2400093891203567
binancecoin,BNB,gbp,1756684800000,633.45,651.94,631.19,635.27,2025-09-01,0.002113798053412941,618.0957142857143,531.755,1.2426305185532929
binancecoin,BNB,gbp,1757030400000,634.38,642.74,621.09,627.54,2025-09-05,-0.012168054527995964,624.1414285714285,537.549,1.2275101226453846
binancecoin,BNB,gbp,1757376000000,627.58,655.55,626.62,647.97,2025-09-09,0.03255569366096189,630.9171428571428,542.8196666666666,1.2674725661639574
binancecoin,BNB,gbp,1757721600000,648.67,684.96,643.31,682.43,2025-09-13,0.05318147445097754,641.2314285714285,549.2546666666666,1.3348786260587209
binancecoin,BNB,gbp,1758067200000,682.52,702.07,671.5,699.64,2025-09-17,0.02521870374983526,653.9542857142857,556.3313333333333,1.368542534671283
binancecoin,BNB,gbp,1758412800000,700.23,773.63,693.23,773.59,2025-09-21,0.10569721571093704,671.4814285714285,565.987,1.5131936701680262
binancecoin,BNB,gbp,1758758400000,774.23,800.79,714.69,756.78,2025-09-25,-0.021729856900942424,689.0314285714285,574.2566666666667,1.480312188251863
binancecoin,BNB,gbp,1759104000000,757.26,757.88,699.14,740.67,2025-09-29,-0.02128756045350033,704.0885714285714,582.6366666666667,1.448799953054398
binancecoin,BNB,gbp,1759449600000,740.88,816.46,739.44,810.82,2025-10-03,0.09471154495254308,730.2714285714286,593.3376666666667,1.586018034935352
binancecoin,BNB,gbp,1759795200000,811.56,921.24,807.12,908.13,2025-10-07,0.12001430650452627,767.4371428571429,607.5476666666667,1.7763628895017898
binancecoin,BNB,gbp,1760140800000,909.53,991.83,681.23,831.91,2025-10-11,-0.08393071476550718,788.7914285714286,619.216,1.6272714825029828
binancecoin,BNB,gbp,1760486400000,827.18,1028.73,811.84,910.01,2025-10-15,0.09388034763375841,818.8442857142857,633.5473333333334,1.7800402949748644
binancecoin,BNB,gbp,1760832000000,908.45,915.15,763.4,813.63,2025-10-19,-0.10591092405577962,824.5642857142857,644.7779999999999,1.591514582477554
binancecoin,BNB,gbp,1761177600000,813.8,850.99,788.62,802.46,2025-10-23,-0.013728598994628971,831.09,655.7743333333333,1.5696653169806154
binancecoin,BNB,gbp,1761523200000,802.92,862.39,802.92,853.43,2025-10-27,0.06351718465717915,847.1985714285714,668.461,1.6693660387692426
binancecoin,BNB,gbp,1761868800000,854.34,883.71,798.39,819.81,2025-10-31,-0.039393974901280715,848.482857142857,679.6703333333334,1.6036030749369168
binancecoin,BNB,gbp,1762214400000,819.03,840.45,741.95,755.33,2025-11-04,-0.07865237067125297,826.6542857142857,688.654,1.4774758914774173
binancecoin,BNB,gbp,1762560000000,755.76,761.76,682.56,752.67,2025-11-08,-0.003521639548277,815.3342857142858,696.9263333333332,1.4722727539463645
binancecoin,BNB,gbp,1762905600000,753.38,773.73,727.35,727.69,2025-11-12,-0.033188515551303865,789.2885714285713,704.071,1.4234102067562546
binancecoin,BNB,gbp,1763251200000,728.18,745.86,676.3,708.19,2025-11-16,-0.026797125149445544,774.2257142857143,709.5476666666667,1.3852669053068092
binancecoin,BNB,gbp,1763596800000,708.42,721.13,667.72,685.03,2025-11-20,-0.032703088154309,757.45,712.9916666666667,1.3399643995853137
binancecoin,BNB,gbp,1763942400000,686.3,699.21,608.69,643.69,2025-11-24,-0.06034772199757665,727.4871428571429,714.7383333333333,1.2591006005124896
binancecoin,BNB,gbp,1764288000000,643.51,680.66,635.87,676.23,2025-11-28,0.05055228448476745,706.9757142857144,717.3213333333333,1.3227510122645385
binancecoin,BNB,gbp,1764633600000,676.42,684.28,606.96,626.42,2025-12-02,-0.0736583706727002,688.5600000000001,719.358,1.2253193278954677
bitcoin,Bitcoin,gbp,1733184000000,76555.0,77346.0,74666.0,75706.0,2024-12-03,,75706.0,75706.0,1.0
bitcoin,Bitcoin,gbp,1733529600000,75728.0,81586.0,72865.0,78442.0,2024-12-07,0.036139803978548546,77074.0,77074.0,1.0361398039785485
bitcoin,Bitcoin,gbp,1733875200000,78412.0,79408.0,74036.0,75635.0,2024-12-11,-0.035784401213635575,76594.33333333333,76594.33333333333,0.9990621615195625
bitcoin,Bitcoin,gbp,1734220800000,75621.0,81345.0,74925.0,80300.0,2024-12-15,0.06167779467177903,77520.75,77520.75,1.0606821123821097
bitcoin,Bitcoin,gbp,1734566400000,80321.0,85194.0,79768.0,79863.0,2024-12-19,-0.00544209215442093,77989.2,77989.2,1.0549097825799805
bitcoin,Bitcoin,gbp,1734912000000,79684.0,81607.0,73760.0,75654.0,2024-12-23,-0.05270275346530939,77600.0,77600.0,0.9993131323805247
bitcoin,Bitcoin,gbp,1735257600000,75664.0,79638.0,73776.0,76364.0,2024-12-27,0.009384830940862399,77423.42857142857,77423.42857142857,1.0086915171848996
bitcoin,Bitcoin,gbp,1735603200000,76379.0,77609.0,72860.0,73825.0,2024-12-31,-0.033248651196899015,77154.71428571429,76973.625,0.9751538847647478
bitcoin,Bitcoin,gbp,1735948800000,73847.0,79643.0,73226.0,78954.0,2025-01-04,0.06947511005756857,77227.85714285714,77193.66666666667,1.0429028082318443
bitcoin,Bitcoin,gbp,1736294400000,78979.0,81954.0,77036.0,77709.0,2025-01-08,-0.015768675431263812,77524.14285714286,77245.2,1.0264576123424827
bitcoin,Bitcoin,gbp,1736640000000,77588.0,78380.0,74122.0,77460.0,2025-01-12,-0.003204262054588236,77118.42857142857,77264.72727272728,1.0231685731646105
bitcoin,Bitcoin,gbp,1736985600000,77471.0,82267.0,73933.0,81939.0,2025-01-16,0.05782339271882253,77415.0,77654.25,1.082331651388265
bitcoin,Bitcoin,gbp,1737331200000,82134.0,87316.0,79933.0,83214.0,2025-01-20,0.015560355874491894,78495.0,78081.92307692308,1.0991731170580932
bitcoin,Bitcoin,gbp,1737676800000,83108.0,89249.0,81541.0,84270.0,2025-01-24,0.012690172326771831,79624.42857142857,78523.92857142857,1.1131218133305154
bitcoin,Bitcoin,gbp,1738022400000,84204.0,85701.0,78558.0,81830.0,2025-01-28,-0.028954550848463323,80768.0,78744.33333333333,1.0808918711859035
bitcoin,Bitcoin,gbp,1738368000000,82000.0,85302.0,80599.0,82560.0,2025-02-01,0.00892093364291835,81283.14285714286,78982.8125,1.0905344358439226
bitcoin,Bitcoin,gbp,1738713600000,82578.0,82855.0,75231.0,78633.0,2025-02-05,-0.04756540697674416,81415.14285714286,78962.23529411765,1.0386627215808522
bitcoin,Bitcoin,gbp,1739059200000,78455.0,80331.0,76952.0,77854.0,2025-02-09,-0.009906782139814108,81471.42857142857,78900.66666666667,1.0283729162814044
bitcoin,Bitcoin,gbp,1739404800000,77770.0,79735.0,75998.0,78592.0,2025-02-13,0.009479281732473588,80993.28571428571,78884.42105263157,1.0381211528808814
bitcoin,Bitcoin,gbp,1739750400000,78620.0,78759.0,76094.0,76402.0,2025-02-17,-0.027865431596091228,80020.14285714286,78760.3,1.0091934589068237
bitcoin,Bitcoin,gbp,1740096000000,76383.0,77962.0,74181.0,77639.0,2025-02-21,0.016190675636763352,79072.85714285714,78706.90476190476,1.0255329828547275
bitcoin,Bitcoin,gbp,1740441600000,77617.0,78666.0,72433.0,72433.0,2025-02-25,-0.06705392908203356,77730.42857142857,78421.72727272728,0.9567669669511003
bitcoin,Bitcoin,gbp,1740787200000,72584.0,73216.0,62241.0,67161.0,2025-03-01,-0.07278450430052597,75530.57142857143,77932.13043478261,0.8871291575304467
bitcoin,Bitcoin,gbp,1741132800000,67062.0,75308.0,64285.0,68258.0,2025-03-05,0.016333884248298958,74048.42857142857,77529.04166666667,0.9016194225028399
bitcoin,Bitcoin,gbp,1741478400000,68043.0,71892.0,65955.0,66718.0,2025-03-09,-0.022561457997597345,72457.57142857143,77096.6,0.8812775737722242
bitcoin,Bitcoin,gbp,1741824000000,66741.0,66981.0,59585.0,64710.0,2025-03-13,-0.030096825444407838,70474.42857142857,76620.19230769231,0.8547539164663303
bitcoin,Bitcoin,gbp,1742169600000,64551.0,65874.0,61766.0,63882.0,2025-03-17,-0.012795549374130744,68685.85714285714,76148.4074074074,0.8438168705254537
bitcoin,Bitcoin,gbp,1742515200000,63874.0,67186.0,62516.0,64978.0,2025-03-21,0.017156632541247996,66877.14285714286,75749.46428571429,0.8582939265051647
bitcoin,Bitcoin,gbp,1742860800000,65028.0,68539.0,64396.0,67576.0,2025-03-25,0.039982763396841925,66183.28571428571,75467.62068965517,0.8926108894935673
bitcoin,Bitcoin,gbp,1743206400000,67705.0,68388.0,64617.0,65165.0,2025-03-29,-0.035678347342251726,65898.14285714286,75124.2,0.8607640081367395
bitcoin,Bitcoin,gbp,1743552000000,65145.0,66118.0,62817.0,65955.0,2025-04-02,0.012123072201335017,65569.14285714286,74799.16666666667,0.8711991123556918
bitcoin,Bitcoin,gbp,1743897600000,65897.0,67519.0,61834.0,64911.0,2025-04-06,-0.01582897430065955,65311.0,74348.13333333333,0.8574089239954561
bitcoin,Bitcoin,gbp,1744243200000,64848.0,65053.0,57777.0,64456.0,2025-04-10,-0.007009597756928665,65274.71428571428,73975.5,0.8513988323250469
bitcoin,Bitcoin,gbp,1744588800000,64410.0,65534.0,60756.0,63897.0,2025-04-14,-0.008672582847213617,65276.857142857145,73428.73333333334,0.844015005415687
bitcoin,Bitcoin,gbp,1744934400000,63921.0,65150.0,62648.0,64025.0,2025-04-18,0.002003223938526144,65140.71428571428,72900.8,0.8457057564790109
bitcoin,Bitcoin,gbp,1745280000000,64032.0,65929.0,63375.0,65369.0,2025-04-22,0.020991800078094425,64825.42857142857,72557.96666666666,0.8634586426439119
bitcoin,Bitcoin,gbp,1745625600000,65397.0,71828.0,65371.0,71188.0,2025-04-26,0.0890177301167221,65685.85714285714,72385.43333333333,0.9403217710617389
bitcoin,Bitcoin,gbp,1745971200000,71163.0,71598.0,69787.0,70291.0,2025-04-30,-0.012600438276113901,66305.28571428571,72267.63333333333,0.9284733046257893
bitcoin,Bitcoin,gbp,1746316800000,70297.0,73583.0,70051.0,72258.0,2025-05-04,0.02798366789489415,67354.85714285714,72044.43333333333,0.9544553932317121
bitcoin,Bitcoin,gbp,1746662400000,72236.0,73290.0,69898.0,72990.0,2025-05-08,0.010130366187826922,68574.0,71887.13333333333,0.9641243758750958
bitcoin,Bitcoin,gbp,1747008000000,73003.0,78804.0,72911.0,78267.0,2025-05-12,0.07229757501027545,70626.85714285714,71914.03333333334,1.0338282302591604
bitcoin,Bitcoin,gbp,1747353600000,78345.0,79927.0,76539.0,77946.0,2025-05-16,-0.0041013453946107115,72615.57142857143,71780.93333333333,1.0295881436081684
bitcoin,Bitcoin,gbp,1747699200000,77987.0,80065.0,76559.0,79070.0,2025-05-20,0.014420239653093248,74572.85714285714,71642.8,1.0444350513829814
bitcoin,Bitcoin,gbp,1748044800000,79058.0,83360.0,78146.0,79168.0,2025-05-24,0.0012394081193878304,75712.85714285714,71472.73333333334,1.045729532665839
bitcoin,Bitcoin,gbp,1748390400000,79123.0,81737.0,78856.0,80709.0,2025-05-28,0.01946493532740501,77201.14285714286,71435.36666666667,1.066084590389137
bitcoin,Bitcoin,gbp,1748736000000,80661.0,80962.0,76742.0,77776.0,2025-06-01,-0.0363404329133058,77989.42857142857,71275.9,1.0273426148521914
bitcoin,Bitcoin,gbp,1749081600000,77775.0,78976.0,76793.0,77349.0,2025-06-05,-0.005490125488582631,78612.14285714286,71233.1,1.0217023749768843
bitcoin,Bitcoin,gbp,1749427200000,77340.0,78835.0,74231.0,78094.0,2025-06-09,0.009631669446275914,78587.42857142857,71241.1,1.0315430745251366
bitcoin,Bitcoin,gbp,1749772800000,78099.0,81641.0,77768.0,77796.0,2025-06-13,-0.0038159141547365882,78566.0,71214.56666666667,1.0276067947058358
bitcoin,Bitcoin,gbp,1750118400000,77730.0,80123.0,76010.0,78812.0,2025-06-17,0.013059797418890406,78529.14285714286,71294.9,1.0410271312709694
bitcoin,Bitcoin,gbp,1750464000000,78744.0,79285.0,76206.0,76761.0,2025-06-21,-0.02602395574278027,78185.28571428571,71265.63333333333,1.0139354872797401
bitcoin,Bitcoin,gbp,1750809600000,76763.0,78203.0,73442.0,77837.0,2025-06-25,0.01401753494613156,77775.0,71445.76666666666,1.0281483634058066
bitcoin,Bitcoin,gbp,1751155200000,77880.0,79397.0,77665.0,78224.0,2025-06-29,0.004971928517286228,77839.0,71814.53333333334,1.033260243573825
bitcoin,Bitcoin,gbp,1751500800000,78225.0,80398.0,76651.0,79723.0,2025-07-03,0.01916291675189208,78178.14285714286,72196.7,1.05306052360447
bitcoin,Bitcoin,gbp,1751846400000,79767.0,80857.0,78647.0,80016.0,2025-07-07,0.0036752254681835517,78452.71428571429,72639.96666666666,1.0569307584603598
bitcoin,Bitcoin,gbp,1752192000000,80007.0,85773.0,78936.0,85304.0,2025-07-11,0.06608678264347123,79525.28571428571,73326.43333333333,1.1267799117639288
bitcoin,Bitcoin,gbp,1752537600000,85397.0,91099.0,85257.0,89251.0,2025-07-15,0.04626981149770226,81016.57142857143,74172.06666666667,1.1789158058806435
bitcoin,Bitcoin,gbp,1752883200000,89253.0,89948.0,86627.0,87966.0,2025-07-19,-0.014397597786019234,82617.28571428571,74938.33333333333,1.1619422502839933
bitcoin,Bitcoin,gbp,1753228800000,87976.0,88925.0,86599.0,88725.0,2025-07-23,0.008628333674374211,84172.71428571429,75643.3,1.1719678757297969
bitcoin,Bitcoin,gbp,1753574400000,88722.0,88722.0,85380.0,87813.0,2025-07-27,-0.01027895181741334,85542.57142857143,76398.23333333334,1.159921274403614
bitcoin,Bitcoin,gbp,1753920000000,87773.0,89384.0,87087.0,88870.0,2025-07-31,0.01203694213840767,86849.28571428571,77162.06666666667,1.1738831796687184
bitcoin,Bitcoin,gbp,1754265600000,88874.0,89880.0,84410.0,85919.0,2025-08-04,-0.03320580623382474,87692.57142857143,77862.33333333333,1.134903442263493
bitcoin,Bitcoin,gbp,1754611200000,86021.0,87442.0,84764.0,87325.0,2025-08-08,0.01636425004946518,87981.28571428571,78624.63333333333,1.1534752859746915
bitcoin,Bitcoin,gbp,1754956800000,87333.0,90770.0,86260.0,88406.0,2025-08-12,0.012379043801889589,87860.57142857143,79441.6,1.1677542070641693
bitcoin,Bitcoin,gbp,1755302400000,88381.0,91369.0,86268.0,86553.0,2025-08-16,-0.0209601158292424,87658.71428571429,80192.53333333334,1.1432779436240192
bitcoin,Bitcoin,gbp,1755648000000,86595.0,87403.0,83623.0,83623.0,2025-08-20,-0.03385209062655248,86929.85714285714,80801.0,1.1045755950651204
bitcoin,Bitcoin,gbp,1755993600000,83720.0,86672.0,83299.0,85307.0,2025-08-24,0.02013800031091928,86571.85714285714,81271.63333333333,1.1268195387419755
bitcoin,Bitcoin,gbp,1756339200000,85286.0,85704.0,80998.0,82362.0,2025-08-28,-0.034522372138277024,85642.14285714286,81674.0,1.0879190552928433
bitcoin,Bitcoin,gbp,1756684800000,82373.0,83956.0,79735.0,80169.0,2025-09-01,-0.026626356815036112,84820.71428571429,81937.7,1.058951734340739
bitcoin,Bitcoin,gbp,1757030400000,80147.0,83685.0,79356.0,82359.0,2025-09-05,0.027317292220184752,84111.28571428571,82250.0,1.0878794283147968
bitcoin,Bitcoin,gbp,1757376000000,82381.0,83900.0,81457.0,82648.0,2025-09-09,0.0035090275501159507,83288.71428571429,82396.03333333334,1.0916968271999576
bitcoin,Bitcoin,gbp,1757721600000,82698.0,86036.0,81894.0,85683.0,2025-09-13,0.03672200174232887,83164.42857142857,82653.93333333333,1.1317861199904895
bitcoin,Bitcoin,gbp,1758067200000,85626.0,86011.0,84108.0,85510.0,2025-09-17,-0.0020190702939906213,83434.0,82868.6,1.1295009642564657
bitcoin,Bitcoin,gbp,1758412800000,85546.0,86992.0,84169.0,85874.0,2025-09-21,0.004256812068763827,83515.0,83092.13333333333,1.1343090375927931
bitcoin,Bitcoin,gbp,1758758400000,85880.0,85968.0,82446.0,84237.0,2025-09-25,-0.019062812958520636,83782.85714285714,83209.73333333334,1.1126859165720022
bitcoin,Bitcoin,gbp,1759104000000,84256.0,84357.0,81302.0,83629.0,2025-09-29,-0.007217730925840216,84277.14285714286,83404.83333333333,1.1046548490212136
bitcoin,Bitcoin,gbp,1759449600000,83669.0,90000.0,82993.0,89706.0,2025-10-03,0.07266618039196926,85326.71428571429,83816.73333333334,1.1849258975510528
bitcoin,Bitcoin,gbp,1759795200000,89626.0,93529.0,88780.0,92530.0,2025-10-07,0.03148061445165329,86738.42857142857,84297.93333333333,1.2222280928856366
bitcoin,Bitcoin,gbp,1760140800000,92536.0,93296.0,79287.0,84779.0,2025-10-11,-0.08376742678050364,86609.28571428571,84530.7,1.1198451906057645
bitcoin,Bitcoin,gbp,1760486400000,84661.0,86947.0,82278.0,84942.0,2025-10-15,0.001922645938263079,86528.14285714286,84735.03333333334,1.121998256412966
bitcoin,Bitcoin,gbp,1760832000000,84873.0,85053.0,77322.0,79806.0,2025-10-19,-0.06046478773751496,85661.28571428571,84836.53333333334,1.054156869997094
bitcoin,Bitcoin,gbp,1761177600000,79847.0,85080.0,79427.0,80610.0,2025-10-23,0.01007443049394774,85143.14285714286,84928.96666666666,1.0647769001135974
bitcoin,Bitcoin,gbp,1761523200000,80590.0,86180.0,80590.0,85934.0,2025-10-27,0.06604639622875563,85472.42857142857,85185.96666666666,1.1351015771537263
bitcoin,Bitcoin,gbp,1761868800000,85889.0,87488.0,80987.0,82261.0,2025-10-31,-0.04274210440570669,84408.85714285714,85270.56666666667,1.0865849470319393
bitcoin,Bitcoin,gbp,1762214400000,82385.0,84478.0,80269.0,81092.0,2025-11-04,-0.014210865416175333,82774.85714285714,85306.43333333333,1.0711436345864265
bitcoin,Bitcoin,gbp,1762560000000,81047.0,81670.0,75796.0,78563.0,2025-11-08,-0.031186800177576135,81886.85714285714,85081.73333333334,1.037738092093097
bitcoin,Bitcoin,gbp,1762905600000,78419.0,81579.0,77126.0,78278.0,2025-11-12,-0.003627661876455801,80934.85714285714,84715.96666666666,1.033973529178665
bitcoin,Bitcoin,gbp,1763251200000,78400.0,80213.0,71533.0,72575.0,2025-11-16,-0.07285571935920698,79901.85714285714,84202.93333333333,0.9586426439119753
bitcoin,Bitcoin,gbp,1763596800000,72477.0,73402.0,67848.0,69946.0,2025-11-20,-0.03622459524629695,78378.42857142857,83576.96666666666,0.923916202150424
bitcoin,Bitcoin,gbp,1763942400000,69991.0,71182.0,62151.0,66264.0,2025-11-24,-0.05264060846939067,75568.42857142857,82858.66666666667,0.8752806910944971
bitcoin,Bitcoin,gbp,1764288000000,66234.0,69506.0,65301.0,68937.0,2025-11-28,0.04033864541832677,73665.0,82194.23333333334,0.910588328534066
bitcoin,Bitcoin,gbp,1764633600000,68974.0,70238.0,63440.0,65316.0,2025-12-02,-0.05252621959180126,71411.28571428571,81507.46666666666,0.8627585660317544
ethereum,Ethereum,gbp,1733184000000,2919.61,2955.67,2814.69,2878.66,2024-12-03,,2878.66,2878.66,1.0
ethereum,Ethereum,gbp,1733529600000,2879.53,3209.88,2794.73,3149.5,2024-12-07,0.09408544253228945,3014.08,3014.08,1.0940854425322895
ethereum,Ethereum,gbp,1733875200000,3144.79,3159.97,2764.9,2838.06,2024-12-11,-0.09888553738688688,2955.4066666666663,2955.4066666666663,0.985896215600314
ethereum,Ethereum,gbp,1734220800000,2838.81,3141.24,2794.07,3063.33,2024-12-15,0.07937464324221466,2982.3875,2982.3875,1.0641513759874386
ethereum,Ethereum,gbp,1734566400000,3064.38,3217.7,2885.24,2887.36,2024-12-19,-0.05744402333408405,2963.382,2963.382,1.0030222395142185
ethereum,Ethereum,gbp,1734912000000,2882.27,2940.65,2489.34,2606.2,2024-12-23,-0.09737614983929965,2903.851666666667,2903.851666666667,0.9053517956271321
ethereum,Ethereum,gbp,1735257600000,2607.02,2814.95,2564.27,2656.03,2024-12-27,0.019119791266978936,2868.4485714285715,2868.4485714285715,0.9226619329827074
ethereum,Ethereum,gbp,1735603200000,2659.17,2740.31,2625.33,2677.58,2024-12-31,0.008113613174549839,2839.7228571428573,2844.59,0.9301480549978115
ethereum,Ethereum,gbp,1735948800000,2676.58,2914.66,2641.14,2901.31,2025-01-04,0.08355679382128645,2804.2671428571425,2850.8922222222222,1.0078682442525342
ethereum,Ethereum,gbp,1736294400000,2902.78,2982.9,2703.48,2708.99,2025-01-08,-0.06628729780685283,2785.828571428571,2836.702,0.9410593817956966
ethereum,Ethereum,gbp,1736640000000,2708.02,2743.49,2567.32,2689.82,2025-01-12,-0.0070764380820894646,2732.4700000000003,2823.349090909091,0.9344000333488499
ethereum,Ethereum,gbp,1736985600000,2689.34,2835.4,2454.04,2815.65,2025-01-16,0.04678008193856842,2722.2257142857147,2822.7075,0.9781113434723101
ethereum,Ethereum,gbp,1737331200000,2821.52,2890.29,2575.49,2636.0,2025-01-20,-0.06380409496919004,2726.4828571428566,2808.3453846153843,0.9157038344229608
ethereum,Ethereum,gbp,1737676800000,2631.68,2813.02,2583.4,2698.6,2025-01-24,0.02374810318664644,2732.5642857142857,2800.5064285714284,0.9374500635712449
ethereum,Ethereum,gbp,1738022400000,2704.18,2759.54,2429.53,2547.02,2025-01-28,-0.05616986585636996,2713.912857142857,2783.6073333333334,0.8847936192534026
ethereum,Ethereum,gbp,1738368000000,2553.83,2760.42,2452.28,2658.17,2025-02-01,0.043639233300091895,2679.1785714285716,2775.7675,0.9234053344264346
ethereum,Ethereum,gbp,1738713600000,2659.89,2683.19,1929.4,2196.17,2025-02-05,-0.17380378230135773,2605.9185714285713,2741.6735294117643,0.7629139947058702
ethereum,Ethereum,gbp,1739059200000,2191.84,2297.92,2073.61,2125.06,2025-02-09,-0.032379096335893864,2525.238571428571,2707.4172222222223,0.7382115289752871
ethereum,Ethereum,gbp,1739404800000,2122.8,2235.84,2053.16,2198.05,2025-02-13,0.03434726548897449,2437.0099999999998,2680.6084210526315,0.7635670763480231
ethereum,Ethereum,gbp,1739750400000,2198.44,2211.22,2092.95,2113.6,2025-02-17,-0.038420418097859566,2362.3814285714284,2652.2580000000003,0.7342305100289718
ethereum,Ethereum,gbp,1740096000000,2114.65,2248.52,2072.75,2163.49,2025-02-21,0.02360427706283108,2285.9371428571426,2628.9833333333336,0.7515614904156794
ethereum,Ethereum,gbp,1740441600000,2162.47,2244.72,1983.75,1983.75,2025-02-25,-0.08307872927538362,2205.4700000000003,2599.6545454545453,0.6891227168196314
ethereum,Ethereum,gbp,1740787200000,1993.19,1997.6,1653.81,1777.78,2025-03-01,-0.10382860743541278,2079.7,2563.9208695652173,0.6175720647801408
ethereum,Ethereum,gbp,1741132800000,1777.39,2018.81,1590.83,1697.64,2025-03-05,-0.04507869365163286,2008.4814285714285,2527.8258333333333,0.5897327228641105
ethereum,Ethereum,gbp,1741478400000,1692.63,1796.15,1633.61,1703.91,2025-03-09,0.003693362550364121,1948.3171428571427,2494.8692,0.591910819617461
ethereum,Ethereum,gbp,1741824000000,1705.01,1709.74,1390.9,1473.91,2025-03-13,-0.13498365524000677,1844.8685714285714,2455.6015384615384,0.5120125336093878
ethereum,Ethereum,gbp,1742169600000,1470.85,1507.67,1410.77,1459.78,2025-03-17,-0.00958674545935645,1751.4657142857143,2418.719259259259,0.5071039997776744
ethereum,Ethereum,gbp,1742515200000,1459.95,1588.46,1442.14,1527.35,2025-03-21,0.04628779679129735,1660.5885714285716,2386.884642857143,0.5305767266714374
ethereum,Ethereum,gbp,1742860800000,1531.14,1624.17,1499.99,1607.79,2025-03-25,0.05266638295086268,1606.8799999999999,2360.0193103448273,0.5585202837431305
ethereum,Ethereum,gbp,1743206400000,1608.68,1621.47,1441.9,1465.31,2025-03-29,-0.08861853849072332,1562.2414285714283,2330.1956666666665,0.5090250324803902
ethereum,Ethereum,gbp,1743552000000,1464.85,1488.48,1376.8,1475.72,2025-04-02,0.007104298749070148,1530.5385714285715,2283.4309999999996,0.5126412983818861
ethereum,Ethereum,gbp,1743897600000,1474.41,1487.49,1335.46,1405.39,2025-04-06,-0.04765809232103646,1487.892857142857,2225.294,0.4882097920560261
ethereum,Ethereum,gbp,1744243200000,1403.05,1408.18,1089.34,1296.98,2025-04-10,-0.07713873017454231,1462.6171428571429,2173.924666666667,0.4505499086380469
ethereum,Ethereum,gbp,1744588800000,1300.03,1300.03,1149.59,1219.4,2025-04-14,-0.05981587996730864,1428.277142857143,2112.4603333333334,0.4235998693836716
ethereum,Ethereum,gbp,1744934400000,1220.07,1275.91,1173.61,1193.69,2025-04-18,-0.02108413974085621,1380.6114285714284,2056.0046666666667,0.4146686305433779
ethereum,Ethereum,gbp,1745280000000,1193.67,1234.29,1174.23,1179.12,2025-04-22,-0.012205849089797272,1319.3728571428571,2008.4353333333333,0.4096072478166925
ethereum,Ethereum,gbp,1745625600000,1179.97,1366.7,1166.03,1343.65,2025-04-26,0.13953626433272293,1301.9928571428572,1964.6893333333333,0.4667623130206416
ethereum,Ethereum,gbp,1745971200000,1342.57,1388.67,1310.11,1340.08,2025-04-30,-0.002656941911956312,1282.6157142857144,1920.106,0.46552215266825536
ethereum,Ethereum,gbp,1746316800000,1341.39,1406.46,1313.33,1381.92,2025-05-04,0.031222016596024194,1279.2628571428572,1869.4596666666666,0.48005669304468057
ethereum,Ethereum,gbp,1746662400000,1381.6,1392.65,1312.77,1361.84,2025-05-08,-0.014530508278337462,1288.5285714285715,1824.5546666666667,0.4730812252923235
ethereum,Ethereum,gbp,1747008000000,1363.0,1944.73,1361.52,1887.14,2025-05-12,0.3857281325265818,1383.92,1797.7986666666668,0.6555619628577186
ethereum,Ethereum,gbp,1747353600000,1889.05,2035.37,1837.72,1910.75,2025-05-16,0.012510995474633413,1486.357142857143,1767.6353333333334,0.6637636956083733
ethereum,Ethereum,gbp,1747699200000,1913.19,1978.77,1776.97,1891.6,2025-05-20,-0.010022242574905138,1588.14,1742.8220000000001,0.6571112948385708
ethereum,Ethereum,gbp,1748044800000,1892.2,2023.26,1838.93,1860.6,2025-05-24,-0.016388242757453986,1661.9899999999998,1714.8886666666667,0.6463423954200913
ethereum,Ethereum,gbp,1748390400000,1860.91,1998.5,1830.84,1969.91,2025-05-28,0.058749865634741605,1751.965714285714,1695.6516666666669,0.6843149243050587
ethereum,Ethereum,gbp,1748736000000,1969.84,2062.85,1853.18,1881.37,2025-06-01,-0.04494621581696634,1823.3157142857142,1669.7583333333334,0.6535575580304726
ethereum,Ethereum,gbp,1749081600000,1880.76,1965.75,1833.4,1926.36,2025-06-05,0.023913424791508264,1903.9614285714285,1660.7646666666667,0.669186357541356
ethereum,Ethereum,gbp,1749427200000,1926.03,1943.14,1773.29,1853.69,2025-06-09,-0.037723997591312064,1899.182857142857,1651.719,0.643941973001327
ethereum,Ethereum,gbp,1749772800000,1853.43,2117.8,1831.36,1947.44,2025-06-13,0.05057479945406196,1904.4242857142856,1643.3653333333334,0.6765092091459222
ethereum,Ethereum,gbp,1750118400000,1944.64,1968.1,1821.01,1887.43,2025-06-17,-0.03081481329334923,1903.8285714285714,1635.8263333333334,0.6556627041748592
ethereum,Ethereum,gbp,1750464000000,1877.99,1925.6,1775.68,1787.82,2025-06-21,-0.05277546716964343,1893.4314285714286,1623.3039999999999,0.6210597986563192
ethereum,Ethereum,gbp,1750809600000,1788.19,1817.07,1593.2,1796.94,2025-06-25,0.005101184683021787,1868.7214285714288,1617.077,0.6242279393884655
ethereum,Ethereum,gbp,1751155200000,1797.49,1830.46,1745.97,1776.21,2025-06-29,-0.011536278339844386,1853.6985714285713,1617.0246666666667,0.6170266721321727
ethereum,Ethereum,gbp,1751500800000,1775.93,1908.57,1741.64,1885.73,2025-07-03,0.06165937586208847,1847.8942857142858,1623.2943333333335,0.6550721516261039
ethereum,Ethereum,gbp,1751846400000,1884.58,1926.0,1815.28,1883.9,2025-07-07,-0.00097044645840072,1852.2100000000003,1629.294,0.6544364391765614
ethereum,Ethereum,gbp,1752192000000,1883.17,2194.66,1853.56,2170.47,2025-07-11,0.1521152927437761,1884.0714285714287,1652.5126666666665,0.7539862297040985
ethereum,Ethereum,gbp,1752537600000,2171.55,2279.01,2154.95,2243.44,2025-07-15,0.033619446479334014,1934.93,1678.6346666666666,0.7793348293997903
ethereum,Ethereum,gbp,1752883200000,2243.88,2735.36,2190.44,2644.68,2025-07-19,0.17885033698249098,2057.3385714285714,1715.8790000000001,0.918719126260135
ethereum,Ethereum,gbp,1753228800000,2645.51,2852.71,2627.25,2771.41,2025-07-23,0.047918840842748445,2196.5485714285714,1754.6663333333336,0.9627430818505832
ethereum,Ethereum,gbp,1753574400000,2769.98,2809.24,2603.27,2786.0,2025-07-27,0.005264468267055511,2340.804285714286,1798.689333333333,0.9678114122543128
ethereum,Ethereum,gbp,1753920000000,2783.97,2931.47,2782.11,2871.57,2025-07-31,0.030714285714285694,2481.638571428571,1845.217666666667,0.9975370484878382
ethereum,Ethereum,gbp,1754265600000,2872.19,2922.55,2539.94,2631.43,2025-08-04,-0.08362672684280736,2588.4285714285716,1886.0856666666664,0.9141162902183655
ethereum,Ethereum,gbp,1754611200000,2633.89,2912.71,2631.6,2907.5,2025-08-08,0.10491253804965361,2693.718571428571,1939.7696666666666,1.010018550297708
ethereum,Ethereum,gbp,1754956800000,2905.01,3239.14,2890.48,3147.62,2025-08-12,0.08258641444539983,2822.887142857143,2004.0436666666667,1.0934323608901364
ethereum,Ethereum,gbp,1755302400000,3146.25,3520.23,3146.25,3268.08,2025-08-16,0.03827018509222846,2911.944285714286,2073.19,1.1352782197272342
ethereum,Ethereum,gbp,1755648000000,3273.31,3365.7,3021.15,3021.15,2025-08-20,-0.07555812587207167,2947.621428571429,2134.591,1.0494987251012624
ethereum,Ethereum,gbp,1755993600000,3026.07,3605.99,3023.46,3530.2,2025-08-24,0.1684954404779635,3053.9357142857143,2207.476,1.226334475068261
ethereum,Ethereum,gbp,1756339200000,3536.51,3685.5,3220.43,3332.64,2025-08-28,-0.05596283496685739,3119.8028571428576,2273.8946666666666,1.1577053212258481
ethereum,Ethereum,gbp,1756684800000,3334.61,3428.31,3169.58,3250.29,2025-09-01,-0.024710139709059442,3208.2114285714283,2336.1736666666666,1.129098260996436
ethereum,Ethereum,gbp,1757030400000,3247.79,3336.67,3129.83,3196.99,2025-09-05,-0.01639853674595193,3249.567142857143,2397.345333333333,1.1105827016736953
ethereum,Ethereum,gbp,1757376000000,3200.43,3304.37,3146.64,3179.74,2025-09-09,-0.005395700330623532,3254.1557142857137,2440.4320000000002,1.10459033022309
ethereum,Ethereum,gbp,1757721600000,3178.35,3482.36,3154.5,3473.36,2025-09-13,0.09234088321686684,3283.4814285714283,2492.5190000000002,1.2065891769087007
ethereum,Ethereum,gbp,1758067200000,3472.1,3513.25,3242.5,3298.66,2025-09-17,-0.05029711864016406,3323.125714285714,2539.421,1.1459012179277859
ethereum,Ethereum,gbp,1758412800000,3298.42,3422.34,3254.3,3326.01,2025-09-21,0.008291245536066194,3293.9557142857147,2588.2680000000005,1.1554021662857026
ethereum,Ethereum,gbp,1758758400000,3325.78,3335.84,3035.77,3083.9,2025-09-25,-0.0727929260585507,3258.421428571429,2625.401,1.071297061827378
ethereum,Ethereum,gbp,1759104000000,3087.8,3092.27,2874.92,3088.72,2025-09-29,0.001562955997276072,3235.34,2665.6459999999997,1.0729714519950255
ethereum,Ethereum,gbp,1759449600000,3087.59,3356.93,3041.38,3334.58,2025-10-03,0.07959931622160643,3254.995714285714,2712.5866666666666,1.1583792458991335
ethereum,Ethereum,gbp,1759795200000,3334.84,3511.56,3299.93,3477.39,2025-10-07,0.042826982708467076,3297.5171428571434,2766.71,1.207989133833103
ethereum,Ethereum,gbp,1760140800000,3479.82,3541.52,2676.54,2872.59,2025-10-11,-0.17392354610785665,3211.692857142857,2797.548333333333,0.9978913800170914
ethereum,Ethereum,gbp,1760486400000,2877.12,3212.68,2744.34,3099.37,2025-10-15,0.07894617749139266,3183.2228571428573,2837.9463333333333,1.0766710900210514
ethereum,Ethereum,gbp,1760832000000,3097.34,3148.34,2745.23,2896.77,2025-10-19,-0.0653681231992308,3121.902857142857,2874.911333333333,1.0062911215635053
ethereum,Ethereum,gbp,1761177600000,2897.16,3068.36,2790.07,2847.66,2025-10-23,-0.016953365299972045,3088.154285714286,2909.9353333333333,0.9892311005815205
ethereum,Ethereum,gbp,1761523200000,2850.39,3132.26,2850.39,3124.0,2025-10-27,0.0970410793423373,3093.194285714286,2954.861666666666,1.0852271543009595
ethereum,Ethereum,gbp,1761868800000,3121.64,3188.52,2804.96,2889.68,2025-10-31,-0.07500640204865561,3029.637142857143,2988.326666666667,1.0038281700513434
ethereum,Ethereum,gbp,1762214400000,2888.98,2978.68,2719.41,2741.13,2025-11-04,-0.05140707621605156,2924.457142857143,3016.901,0.9522242988056944
ethereum,Ethereum,gbp,1762560000000,2741.15,2778.99,2379.17,2609.49,2025-11-08,-0.04802399010627012,2886.871428571429,3031.5350000000003,0.9064946885008996
ethereum,Ethereum,gbp,1762905600000,2603.85,2775.21,2553.6,2597.67,2025-11-12,-0.00452962073048746,2815.2,3043.3426666666664,0.9023886113677893
ethereum,Ethereum,gbp,1763251200000,2597.35,2735.41,2338.78,2408.9,2025-11-16,-0.07266896872966933,2745.5042857142857,3035.483333333333,0.8368129615862937
ethereum,Ethereum,gbp,1763596800000,2408.58,2464.72,2201.18,2310.33,2025-11-20,-0.04091909170160657,2668.7428571428572,3020.114,0.8025713352740511
ethereum,Ethereum,gbp,1763942400000,2313.1,2337.03,2018.92,2137.8,2025-11-24,-0.07467764345353245,2527.8571428571427,2998.5073333333335,0.7426371992524301
ethereum,Ethereum,gbp,1764288000000,2137.22,2313.05,2116.58,2277.48,2025-11-28,0.06533819814762842,2440.4,2978.704333333333,0.7911597757289851
ethereum,Ethereum,gbp,1764633600000,2276.99,2338.12,2058.64,2118.91,2025-12-02,-0.06962519978221549,2351.5114285714285,2961.6203333333333,0.7360751182842017
ripple,XRP,gbp,1733184000000,1.8,2.22,1.77,2.14,2024-12-03,,2.14,2.14,1.0
ripple,XRP,gbp,1733529600000,2.14,2.22,1.72,1.9,2024-12-07,-0.1121495327102805,2.02,2.02,0.8878504672897195
ripple,XRP,gbp,1733875200000,1.9,2.06,1.52,1.84,2024-12-11,-0.03157894736842093,1.96,1.96,0.8598130841121495
ripple,XRP,gbp,1734220800000,1.85,1.99,1.75,1.9,2024-12-15,0.032608695652173836,1.945,1.945,0.8878504672897195
ripple,XRP,gbp,1734566400000,1.9,2.14,1.83,1.83,2024-12-19,-0.03684210526315779,1.922,1.922,0.8551401869158878
ripple,XRP,gbp,1734912000000,1.83,1.92,1.58,1.75,2024-12-23,-0.04371584699453557,1.8933333333333333,1.8933333333333333,0.8177570093457943
ripple,XRP,gbp,1735257600000,1.75,1.87,1.7,1.72,2024-12-27,-0.017142857142857126,1.8685714285714285,1.8685714285714285,0.8037383177570093
ripple,XRP,gbp,1735603200000,1.72,1.78,1.6,1.64,2024-12-31,-0.04651162790697683,1.7971428571428572,1.84,0.7663551401869158
ripple,XRP,gbp,1735948800000,1.64,1.99,1.61,1.98,2025-01-04,0.20731707317073167,1.8085714285714283,1.8555555555555554,0.9252336448598131
ripple,XRP,gbp,1736294400000,1.98,2.01,1.82,1.83,2025-01-08,-0.07575757575757569,1.807142857142857,1.8530000000000002,0.8551401869158878
ripple,XRP,gbp,1736640000000,1.82,2.12,1.8,2.11,2025-01-12,0.15300546448087426,1.837142857142857,1.8763636363636365,0.9859813084112148
ripple,XRP,gbp,1736985600000,2.11,2.59,1.93,2.59,2025-01-16,0.22748815165876768,1.945714285714286,1.9358333333333333,1.2102803738317756
ripple,XRP,gbp,1737331200000,2.58,2.76,2.4,2.43,2025-01-20,-0.06177606177606165,2.042857142857143,1.9738461538461538,1.1355140186915889
ripple,XRP,gbp,1737676800000,2.42,2.72,2.41,2.53,2025-01-24,0.04115226337448541,2.1585714285714284,2.0135714285714283,1.1822429906542054
ripple,XRP,gbp,1738022400000,2.52,2.58,2.2,2.45,2025-01-28,-0.03162055335968361,2.274285714285714,2.042666666666667,1.144859813084112
ripple,XRP,gbp,1738368000000,2.45,2.58,2.4,2.45,2025-02-01,0.0,2.3414285714285716,2.068125,1.144859813084112
ripple,XRP,gbp,1738713600000,2.45,2.47,1.63,2.04,2025-02-05,-0.1673469387755102,2.3714285714285714,2.066470588235294,0.9532710280373832
ripple,XRP,gbp,1739059200000,2.03,2.05,1.84,1.96,2025-02-09,-0.03921568627450989,2.3500000000000005,2.0605555555555557,0.9158878504672896
ripple,XRP,gbp,1739404800000,1.95,2.04,1.88,1.99,2025-02-13,0.015306122448979664,2.2642857142857147,2.056842105263158,0.9299065420560747
ripple,XRP,gbp,1739750400000,1.99,2.24,1.94,2.17,2025-02-17,0.09045226130653261,2.2271428571428573,2.0625,1.014018691588785
ripple,XRP,gbp,1740096000000,2.17,2.19,1.97,2.12,2025-02-21,-0.02304147465437778,2.1685714285714286,2.065238095238095,0.9906542056074766
ripple,XRP,gbp,1740441600000,2.12,2.14,1.8,1.8,2025-02-25,-0.15094339622641506,2.075714285714286,2.053181818181818,0.8411214953271028
ripple,XRP,gbp,1740787200000,1.81,1.86,1.56,1.71,2025-03-01,-0.050000000000000044,1.9700000000000002,2.0382608695652173,0.7990654205607476
ripple,XRP,gbp,1741132800000,1.71,2.35,1.69,1.92,2025-03-05,0.12280701754385959,1.9528571428571428,2.033333333333333,0.8971962616822429
ripple,XRP,gbp,1741478400000,1.92,2.05,1.79,1.8,2025-03-09,-0.06249999999999989,1.93,2.024,0.8411214953271028
ripple,XRP,gbp,1741824000000,1.8,1.82,1.49,1.73,2025-03-13,-0.03888888888888897,1.8928571428571428,2.0126923076923076,0.808411214953271
ripple,XRP,gbp,1742169600000,1.73,1.91,1.71,1.78,2025-03-17,0.028901734104046284,1.837142857142857,2.004074074074074,0.8317757009345794
ripple,XRP,gbp,1742515200000,1.78,1.98,1.71,1.88,2025-03-21,0.05617977528089879,1.8028571428571427,1.9996428571428573,0.8785046728971961
ripple,XRP,gbp,1742860800000,1.88,1.93,1.83,1.89,2025-03-25,0.005319148936170137,1.8157142857142858,1.9958620689655173,0.8831775700934579
ripple,XRP,gbp,1743206400000,1.9,1.92,1.67,1.7,2025-03-29,-0.10052910052910047,1.8142857142857143,1.986,0.794392523364486
ripple,XRP,gbp,1743552000000,1.7,1.72,1.58,1.66,2025-04-02,-0.02352941176470591,1.7771428571428571,1.97,0.7757009345794391
ripple,XRP,gbp,1743897600000,1.65,1.69,1.5,1.67,2025-04-06,0.006024096385542244,1.7585714285714287,1.9623333333333333,0.7803738317757009
ripple,XRP,gbp,1744243200000,1.66,1.67,1.28,1.6,2025-04-10,-0.041916167664670545,1.74,1.9543333333333333,0.7476635514018691
ripple,XRP,gbp,1744588800000,1.6,1.7,1.49,1.62,2025-04-14,0.012499999999999956,1.717142857142857,1.945,0.7570093457943925
ripple,XRP,gbp,1744934400000,1.62,1.65,1.54,1.56,2025-04-18,-0.03703703703703709,1.6714285714285713,1.936,0.7289719626168224
ripple,XRP,gbp,1745280000000,1.56,1.6,1.54,1.56,2025-04-22,0.0,1.624285714285714,1.9296666666666666,0.7289719626168224
ripple,XRP,gbp,1745625600000,1.56,1.72,1.54,1.64,2025-04-26,0.0512820512820511,1.6157142857142859,1.927,0.7663551401869158
ripple,XRP,gbp,1745971200000,1.64,1.76,1.63,1.67,2025-04-30,0.018292682926829285,1.6171428571428572,1.9280000000000002,0.7803738317757009
ripple,XRP,gbp,1746316800000,1.67,1.7,1.61,1.65,2025-05-04,-0.0119760479041916,1.614285714285714,1.917,0.7710280373831775
ripple,XRP,gbp,1746662400000,1.65,1.67,1.56,1.6,2025-05-08,-0.030303030303030165,1.6142857142857143,1.9093333333333333,0.7476635514018691
ripple,XRP,gbp,1747008000000,1.6,1.86,1.6,1.78,2025-05-12,0.11250000000000004,1.637142857142857,1.8983333333333334,0.8317757009345794
ripple,XRP,gbp,1747353600000,1.78,1.98,1.78,1.79,2025-05-16,0.00561797752808979,1.6700000000000002,1.8716666666666668,0.836448598130841
ripple,XRP,gbp,1747699200000,1.79,1.84,1.72,1.78,2025-05-20,-0.005586592178770999,1.7014285714285715,1.85,0.8317757009345794
ripple,XRP,gbp,1748044800000,1.78,1.84,1.7,1.7,2025-05-24,-0.0449438202247191,1.7099999999999997,1.8223333333333334,0.794392523364486
ripple,XRP,gbp,1748390400000,1.7,1.74,1.68,1.72,2025-05-28,0.0117647058823529,1.717142857142857,1.7979999999999998,0.8037383177570093
ripple,XRP,gbp,1748736000000,1.71,1.72,1.56,1.62,2025-06-01,-0.05813953488372081,1.7128571428571429,1.7703333333333333,0.7570093457943925
ripple,XRP,gbp,1749081600000,1.62,1.68,1.58,1.63,2025-06-05,0.006172839506172645,1.717142857142857,1.7566666666666666,0.7616822429906541
ripple,XRP,gbp,1749427200000,1.63,1.69,1.53,1.67,2025-06-09,0.024539877300613577,1.7014285714285715,1.7469999999999999,0.7803738317757009
ripple,XRP,gbp,1749772800000,1.67,1.72,1.6,1.61,2025-06-13,-0.0359281437125748,1.6757142857142857,1.7343333333333333,0.7523364485981309
ripple,XRP,gbp,1750118400000,1.61,1.72,1.55,1.66,2025-06-17,0.03105590062111796,1.6585714285714286,1.7173333333333334,0.7757009345794391
ripple,XRP,gbp,1750464000000,1.65,1.66,1.55,1.58,2025-06-21,-0.04819277108433728,1.6414285714285715,1.6993333333333334,0.7383177570093458
ripple,XRP,gbp,1750809600000,1.58,1.63,1.44,1.61,2025-06-25,0.018987341772152,1.6257142857142857,1.693,0.7523364485981309
ripple,XRP,gbp,1751155200000,1.61,1.64,1.51,1.59,2025-06-29,-0.012422360248447228,1.6214285714285717,1.6889999999999998,0.7429906542056075
ripple,XRP,gbp,1751500800000,1.59,1.68,1.57,1.64,2025-07-03,0.03144654088050314,1.6228571428571428,1.6796666666666666,0.7663551401869158
ripple,XRP,gbp,1751846400000,1.64,1.69,1.61,1.66,2025-07-07,0.012195121951219523,1.6214285714285714,1.675,0.7757009345794391
ripple,XRP,gbp,1752192000000,1.66,1.88,1.65,1.87,2025-07-11,0.12650602409638556,1.6585714285714288,1.6796666666666666,0.8738317757009346
ripple,XRP,gbp,1752537600000,1.88,2.24,1.86,2.2,2025-07-15,0.17647058823529416,1.7357142857142858,1.6936666666666667,1.0280373831775702
ripple,XRP,gbp,1752883200000,2.2,2.71,2.1,2.55,2025-07-19,0.15909090909090895,1.8742857142857143,1.716,1.1915887850467288
ripple,XRP,gbp,1753228800000,2.55,2.7,2.51,2.63,2025-07-23,0.031372549019607954,2.02,1.7406666666666666,1.2289719626168223
ripple,XRP,gbp,1753574400000,2.62,2.62,2.21,2.36,2025-07-27,-0.1026615969581749,2.13,1.7626666666666668,1.102803738317757
ripple,XRP,gbp,1753920000000,2.36,2.47,2.28,2.34,2025-07-31,-0.008474576271186418,2.23,1.7853333333333332,1.0934579439252334
ripple,XRP,gbp,1754265600000,2.34,2.4,2.07,2.22,2025-08-04,-0.0512820512820511,2.31,1.8036666666666668,1.0373831775700935
ripple,XRP,gbp,1754611200000,2.22,2.46,2.19,2.46,2025-08-08,0.10810810810810789,2.394285714285714,1.8323333333333334,1.1495327102803738
ripple,XRP,gbp,1754956800000,2.47,2.51,2.33,2.34,2025-08-12,-0.04878048780487809,2.414285714285714,1.8563333333333332,1.0934579439252334
ripple,XRP,gbp,1755302400000,2.33,2.46,2.22,2.27,2025-08-16,-0.029914529914529808,2.374285714285714,1.88,1.0607476635514017
ripple,XRP,gbp,1755648000000,2.27,2.32,2.12,2.12,2025-08-20,-0.06607929515418498,2.301428571428571,1.8986666666666667,0.9906542056074766
ripple,XRP,gbp,1755993600000,2.12,2.29,2.08,2.25,2025-08-24,0.061320754716981174,2.2857142857142856,1.919,1.0514018691588785
ripple,XRP,gbp,1756339200000,2.25,2.32,2.11,2.2,2025-08-28,-0.022222222222222143,2.265714285714286,1.9366666666666665,1.0280373831775702
ripple,XRP,gbp,1756684800000,2.2,2.24,2.06,2.06,2025-09-01,-0.06363636363636371,2.242857142857143,1.9503333333333333,0.9626168224299065
ripple,XRP,gbp,1757030400000,2.06,2.15,2.0,2.08,2025-09-05,0.009708737864077666,2.1885714285714286,1.9663333333333333,0.9719626168224299
ripple,XRP,gbp,1757376000000,2.08,2.21,2.07,2.19,2025-09-09,0.05288461538461542,2.1671428571428573,1.98,1.0233644859813082
ripple,XRP,gbp,1757721600000,2.2,2.31,2.16,2.29,2025-09-13,0.04566210045662111,2.17,1.9966666666666666,1.0700934579439252
ripple,XRP,gbp,1758067200000,2.29,2.35,2.18,2.23,2025-09-17,-0.026200873362445476,2.185714285714286,2.0116666666666667,1.042056074766355
ripple,XRP,gbp,1758412800000,2.23,2.31,2.19,2.21,2025-09-21,-0.008968609865470878,2.18,2.0286666666666666,1.0327102803738317
ripple,XRP,gbp,1758758400000,2.21,2.24,2.07,2.18,2025-09-25,-0.013574660633484115,2.177142857142857,2.044,1.0186915887850467
ripple,XRP,gbp,1759104000000,2.18,2.19,2.02,2.14,2025-09-29,-0.01834862385321101,2.1885714285714286,2.0613333333333332,1.0
ripple,XRP,gbp,1759449600000,2.14,2.3,2.1,2.26,2025-10-03,0.05607476635513997,2.2142857142857144,2.082333333333333,1.05607476635514
ripple,XRP,gbp,1759795200000,2.26,2.3,2.18,2.22,2025-10-07,-0.017699115044247593,2.2185714285714284,2.1006666666666667,1.0373831775700935
ripple,XRP,gbp,1760140800000,2.22,2.23,1.43,1.79,2025-10-11,-0.1936936936936937,2.1471428571428572,2.106666666666667,0.836448598130841
ripple,XRP,gbp,1760486400000,1.77,1.98,1.74,1.88,2025-10-15,0.05027932960893855,2.097142857142857,2.114,0.8785046728971961
ripple,XRP,gbp,1760832000000,1.88,1.9,1.64,1.76,2025-10-19,-0.06382978723404253,2.0328571428571425,2.12,0.822429906542056
ripple,XRP,gbp,1761177600000,1.76,1.89,1.74,1.77,2025-10-23,0.005681818181818121,1.9742857142857144,2.1253333333333333,0.8271028037383177
ripple,XRP,gbp,1761523200000,1.77,2.0,1.77,1.99,2025-10-27,0.12429378531073443,1.9528571428571426,2.1386666666666665,0.9299065420560747
ripple,XRP,gbp,1761868800000,1.99,2.02,1.82,1.85,2025-10-31,-0.07035175879396982,1.8942857142857146,2.1456666666666666,0.8644859813084113
ripple,XRP,gbp,1762214400000,1.85,1.94,1.73,1.76,2025-11-04,-0.04864864864864871,1.8285714285714287,2.149,0.822429906542056
ripple,XRP,gbp,1762560000000,1.76,1.82,1.6,1.76,2025-11-08,0.0,1.8242857142857143,2.1453333333333333,0.822429906542056
ripple,XRP,gbp,1762905600000,1.76,1.95,1.71,1.82,2025-11-12,0.03409090909090917,1.8157142857142858,2.1326666666666667,0.8504672897196262
ripple,XRP,gbp,1763251200000,1.82,1.92,1.69,1.7,2025-11-16,-0.06593406593406603,1.8071428571428572,2.1043333333333334,0.794392523364486
ripple,XRP,gbp,1763596800000,1.69,1.73,1.55,1.61,2025-11-20,-0.05294117647058816,1.7842857142857143,2.070333333333333,0.7523364485981309
ripple,XRP,gbp,1763942400000,1.61,1.64,1.41,1.56,2025-11-24,-0.03105590062111807,1.7228571428571426,2.0436666666666667,0.7289719626168224
ripple,XRP,gbp,1764288000000,1.56,1.74,1.55,1.66,2025-11-28,0.0641025641025641,1.6957142857142855,2.021,0.7757009345794391
ripple,XRP,gbp,1764633600000,1.66,1.71,1.5,1.54,2025-12-02,-0.07228915662650592,1.6642857142857144,1.9983333333333333,0.719626168224299
solana,Solana,gbp,1733184000000,186.69,187.02,174.18,178.17,2024-12-03,,178.17,178.17,1.0
solana,Solana,gbp,1733529600000,178.26,193.25,171.68,185.96,2024-12-07,0.04372228770275588,182.065,182.065,1.0437222877027559
solana,Solana,gbp,1733875200000,186.04,190.46,160.07,167.1,2024-12-11,-0.10141966014196613,177.07666666666668,177.07666666666668,0.937868328001347
solana,Solana,gbp,1734220800000,167.2,184.3,165.9,174.18,2024-12-15,0.042369838420107886,176.3525,176.3525,0.9776056575181008
solana,Solana,gbp,1734566400000,174.18,179.75,163.04,163.43,2024-12-19,-0.061717763233436695,173.768,173.768,0.9172700230117304
solana,Solana,gbp,1734912000000,163.8,167.96,140.84,143.32,2024-12-23,-0.12304962369210071,168.69333333333333,168.69333333333333,0.8044002918560925
solana,Solana,gbp,1735257600000,143.41,160.56,140.72,150.16,2024-12-27,0.047725369801842055,166.04571428571427,166.04571428571427,0.8427905932536343
solana,Solana,gbp,1735603200000,150.26,156.51,145.25,151.99,2024-12-31,0.012187000532765113,162.3057142857143,164.28875,0.8530616826626257
solana,Solana,gbp,1735948800000,152.17,176.71,149.94,175.2,2025-01-04,0.1527074149615104,160.76857142857145,165.5011111111111,0.9833305270247517
solana,Solana,gbp,1736294400000,175.31,177.61,162.07,162.29,2025-01-08,-0.07368721461187211,160.08142857142857,165.18,0.9108716394454734
solana,Solana,gbp,1736640000000,162.09,162.73,148.13,154.06,2025-01-12,-0.050711688951876166,157.20714285714286,164.1690909090909,0.864679800190829
solana,Solana,gbp,1736985600000,154.04,168.19,142.1,168.07,2025-01-16,0.09093859535245996,157.86999999999998,164.49416666666667,0.9433125666498289
solana,Solana,gbp,1737331200000,168.4,240.85,162.96,207.04,2025-01-20,0.23186767418337606,166.97285714285712,167.76692307692306,1.1620362575068754
solana,Solana,gbp,1737676800000,206.35,223.0,189.21,205.27,2025-01-24,-0.008549072642967448,174.84571428571425,170.44571428571427,1.1521019251276872
solana,Solana,gbp,1738022400000,205.98,217.46,177.58,188.59,2025-01-28,-0.08125882983387733,180.0742857142857,171.65533333333332,1.058483470842454
solana,Solana,gbp,1738368000000,188.88,195.66,180.03,186.68,2025-02-01,-0.010127790444880436,181.71428571428572,172.594375,1.0477633720603918
solana,Solana,gbp,1738713600000,186.76,188.56,149.23,166.23,2025-02-05,-0.10954574673237638,182.27714285714282,172.22,0.9329853510692036
solana,Solana,gbp,1739059200000,165.87,167.19,151.48,161.02,2025-02-09,-0.03134211634482331,183.27142857142857,171.5977777777778,0.9037436156479768
solana,Solana,gbp,1739404800000,160.86,168.19,153.14,157.93,2025-02-13,-0.01919016271270657,181.82285714285715,170.87842105263158,0.8864006286131224
solana,Solana,gbp,1739750400000,157.89,162.64,148.73,149.52,2025-02-17,-0.05325144051161901,173.6057142857143,169.8105,0.839198518269069
solana,Solana,gbp,1740096000000,149.6,150.37,128.28,138.91,2025-02-21,-0.07096040663456404,164.1257142857143,168.33904761904762,0.7796486501655723
solana,Solana,gbp,1740441600000,138.97,142.58,111.88,111.88,2025-02-25,-0.19458642286372474,153.16714285714286,165.77272727272728,0.627939608239322
solana,Solana,gbp,1740787200000,112.51,117.93,100.2,117.85,2025-03-01,0.053360743653914966,143.33428571428573,163.6891304347826,0.6614469327047202
solana,Solana,gbp,1741132800000,117.7,141.5,104.35,113.41,2025-03-05,-0.03767501060670342,135.78857142857143,161.59416666666667,0.6365269124992985
solana,Solana,gbp,1741478400000,112.84,118.48,104.91,106.02,2025-03-09,-0.06516180231020197,127.93142857142857,159.37120000000002,0.5950496716618959
solana,Solana,gbp,1741824000000,106.01,108.17,88.3,97.63,2025-03-13,-0.07913601207319376,119.31714285714284,156.99653846153845,0.5479598136611102
solana,Solana,gbp,1742169600000,97.53,105.35,93.51,97.56,2025-03-17,-0.0007169927276451382,111.89428571428572,154.7951851851852,0.5475669304596734
solana,Solana,gbp,1742515200000,97.56,104.57,94.05,98.45,2025-03-21,0.009122591225912302,106.11428571428571,152.78285714285715,0.5525621597350845
solana,Solana,gbp,1742860800000,98.57,112.15,97.0,108.78,2025-03-25,0.10492635855764343,105.67142857142858,151.2655172413793,0.6105404950328338
solana,Solana,gbp,1743206400000,109.11,113.7,99.25,99.99,2025-03-29,-0.08080529509100942,103.11999999999999,149.55633333333333,0.5612055901666947
solana,Solana,gbp,1743552000000,100.07,100.64,94.9,98.12,2025-04-02,-0.018701870187018632,100.93571428571428,146.888,0.550709996071168
solana,Solana,gbp,1743897600000,98.01,103.1,85.54,93.31,2025-04-06,-0.049021606196494094,99.12,143.79966666666667,0.5237133075152944
solana,Solana,gbp,1744243200000,93.31,93.83,74.98,92.81,2025-04-10,-0.005358482477762272,98.43142857142857,141.32333333333335,0.5209069989336028
solana,Solana,gbp,1744588800000,92.84,102.02,84.1,98.01,2025-04-14,0.05602844521064543,98.49571428571429,138.78433333333334,0.5500926081831959
solana,Solana,gbp,1744934400000,97.99,102.43,93.35,101.48,2025-04-18,0.03540455055606562,98.92857142857143,136.71933333333334,0.5695683897401359
solana,Solana,gbp,1745280000000,101.53,106.82,100.04,101.91,2025-04-22,0.004237288135593209,97.94714285714288,135.339,0.5719818151203907
solana,Solana,gbp,1745625600000,101.95,116.73,101.71,113.36,2025-04-26,0.11235403787655773,99.85714285714286,134.11233333333334,0.6362462816411293
solana,Solana,gbp,1745971200000,113.38,114.84,108.42,109.25,2025-04-30,-0.03625617501764289,101.44714285714288,132.68766666666667,0.613178425099624
solana,Solana,gbp,1746316800000,109.19,115.32,106.15,110.58,2025-05-04,0.012173913043478146,103.91428571428571,130.53366666666668,0.6206432059269238
solana,Solana,gbp,1746662400000,110.56,111.82,105.98,110.73,2025-05-08,0.0013564839934889772,106.47428571428573,128.815,0.6214850985014313
solana,Solana,gbp,1747008000000,110.75,135.01,110.75,130.09,2025-05-12,0.17483970017158845,111.05714285714285,128.016,0.7301453667845317
solana,Solana,gbp,1747353600000,130.23,138.34,126.24,126.83,2025-05-16,-0.025059574140979368,114.67857142857143,126.64133333333334,0.7118482348319022
solana,Solana,gbp,1747699200000,127.04,132.6,120.11,124.8,2025-05-20,-0.016005676890325615,117.94857142857143,123.9,0.7004546219902341
solana,Solana,gbp,1748044800000,124.84,138.48,123.52,128.8,2025-05-24,0.03205128205128216,120.1542857142857,121.35100000000001,0.7229050906437673
solana,Solana,gbp,1748390400000,128.7,132.4,125.44,130.67,2025-05-28,0.014518633540372416,123.21428571428571,119.42033333333333,0.7334006847392939
solana,Solana,gbp,1748736000000,130.68,131.07,113.51,116.54,2025-06-01,-0.10813499655621017,124.0657142857143,117.08233333333334,0.6540944042206882
solana,Solana,gbp,1749081600000,116.51,120.25,112.21,113.3,2025-06-05,-0.027801613180024054,124.43285714285715,115.31800000000001,0.6359095246113263
solana,Solana,gbp,1749427200000,113.26,114.33,104.88,112.68,2025-06-09,-0.005472197705207349,121.94571428571429,113.70666666666668,0.6324297019700287
solana,Solana,gbp,1749772800000,112.64,123.97,110.65,112.05,2025-06-13,-0.005591054313099142,119.83428571428571,112.17733333333334,0.6288937531570972
solana,Solana,gbp,1750118400000,111.98,116.7,104.69,111.59,2025-06-17,-0.004105310129406514,117.94714285714285,110.913,0.6263119492619409
solana,Solana,gbp,1750464000000,111.23,113.5,101.72,104.07,2025-06-21,-0.06738955103503907,114.41428571428571,109.75166666666668,0.5841050681932985
solana,Solana,gbp,1750809600000,104.09,108.08,94.65,107.09,2025-06-25,0.029018929566637874,111.0457142857143,109.59200000000001,0.6010551720267161
solana,Solana,gbp,1751155200000,107.18,110.89,100.51,109.89,2025-06-29,0.026146232141189607,110.09571428571428,109.32666666666667,0.6167705000841893
solana,Solana,gbp,1751500800000,109.9,115.43,105.87,111.48,2025-07-03,0.014469014469014496,109.83571428571429,109.26233333333334,0.6256945613739687
solana,Solana,gbp,1751846400000,111.58,114.24,106.64,111.32,2025-07-07,-0.0014352350197345265,109.64142857142858,109.439,0.6247965426278274
solana,Solana,gbp,1752192000000,111.28,121.28,108.58,120.62,2025-07-11,0.08354293927416467,110.86571428571429,110.20533333333334,0.676993882247292
solana,Solana,gbp,1752537600000,120.59,124.81,117.24,120.87,2025-07-15,0.002072624772011311,112.19142857142857,110.98233333333334,0.6783970365381378
solana,Solana,gbp,1752883200000,120.85,137.04,117.92,132.24,2025-07-19,0.09406800694961537,116.21571428571428,112.10866666666666,0.7422124936858058
solana,Solana,gbp,1753228800000,132.22,151.84,130.2,151.84,2025-07-23,0.14821536600120977,122.60857142857142,113.54400000000001,0.8522197900881182
solana,Solana,gbp,1753574400000,151.76,151.76,131.22,137.68,2025-07-27,-0.09325605900948364,126.57857142857144,114.80033333333333,0.7727451310546108
solana,Solana,gbp,1753920000000,137.59,144.66,130.83,134.16,2025-07-31,-0.025566531086577693,129.81857142857143,116.00166666666668,0.7529887186395017
solana,Solana,gbp,1754265600000,134.14,137.97,117.54,121.81,2025-08-04,-0.09205426356589141,131.31714285714287,116.95166666666667,0.683672896671718
solana,Solana,gbp,1754611200000,121.87,130.38,121.32,130.38,2025-08-08,0.07035547163615452,132.71142857142857,118.20400000000001,0.7317730257619128
solana,Solana,gbp,1754956800000,130.28,138.37,129.41,130.29,2025-08-12,-0.0006902899217671177,134.05714285714285,119.28,0.7312678902172083
solana,Solana,gbp,1755302400000,130.24,154.08,129.29,136.9,2025-08-16,0.0507329802747718,134.72285714285715,120.46066666666665,0.7683672896671719
solana,Solana,gbp,1755648000000,136.98,143.89,130.64,130.8,2025-08-20,-0.04455807158509861,131.71714285714285,121.42366666666666,0.7341303249705339
solana,Solana,gbp,1755993600000,130.72,153.5,130.72,150.87,2025-08-24,0.1534403669724771,133.60142857142858,122.67399999999999,0.8467755514396363
solana,Solana,gbp,1756339200000,151.05,157.66,138.19,150.55,2025-08-28,-0.002121031351494662,135.94285714285715,124.05066666666667,0.8449795139473538
solana,Solana,gbp,1756684800000,150.27,161.27,146.68,148.78,2025-09-01,-0.011756891398206681,139.79571428571427,125.32400000000001,0.8350451815681653
solana,Solana,gbp,1757030400000,148.26,158.33,143.58,150.76,2025-09-05,0.013308240354886314,142.70714285714286,126.65833333333333,0.8461581635516642
solana,Solana,gbp,1757376000000,150.62,159.95,147.83,157.96,2025-09-09,0.04775802600159196,146.66,127.58733333333333,0.8865690071280239
solana,Solana,gbp,1757721600000,158.16,179.69,155.81,178.68,2025-09-13,0.13117244872119516,152.62857142857143,129.31566666666666,1.0028624347533255
solana,Solana,gbp,1758067200000,178.65,183.56,169.61,173.57,2025-09-17,-0.02859861204387737,158.73857142857145,130.94133333333335,0.9741819610484369
solana,Solana,gbp,1758412800000,173.53,186.44,170.34,177.71,2025-09-21,0.023852048165005524,162.57285714285715,132.57166666666666,0.9974181961048438
solana,Solana,gbp,1758758400000,177.78,179.36,152.74,157.29,2025-09-25,-0.11490630802993651,163.53571428571428,133.459,0.882808553628557
solana,Solana,gbp,1759104000000,157.35,157.75,143.29,157.16,2025-09-29,-0.0008264988238285698,164.73285714285717,134.813,0.8820789133973173
solana,Solana,gbp,1759449600000,157.19,174.5,152.18,174.5,2025-10-03,0.11033341817256304,168.12428571428572,136.853,0.9794016950103834
solana,Solana,gbp,1759795200000,174.61,176.02,166.72,172.49,2025-10-07,-0.01151862464183373,170.20000000000002,138.84666666666666,0.9681203345119831
solana,Solana,gbp,1760140800000,172.58,174.47,132.32,142.21,2025-10-11,-0.1755464084874485,164.98999999999998,139.85199999999998,0.7981702868047371
solana,Solana,gbp,1760486400000,141.39,158.1,130.16,152.22,2025-10-15,0.07038886154278878,161.94,141.20633333333336,0.8543525846102038
solana,Solana,gbp,1760832000000,152.07,155.48,130.36,139.69,2025-10-19,-0.082315070292997,156.50857142857143,142.3936666666667,0.7840264915530112
solana,Solana,gbp,1761177600000,139.76,147.42,133.1,134.85,2025-10-23,-0.03464814947383499,153.30285714285714,143.31900000000002,0.756861424482236
solana,Solana,gbp,1761523200000,134.89,150.55,134.87,150.19,2025-10-27,0.11375602521319994,152.30714285714288,144.66233333333332,0.8429589717685357
solana,Solana,gbp,1761868800000,150.15,153.96,136.51,140.05,2025-10-31,-0.06751448165656826,147.3857142857143,145.6146666666667,0.7860470337318293
solana,Solana,gbp,1762214400000,140.21,144.5,124.84,126.32,2025-11-04,-0.0980364155658695,140.79,146.11466666666666,0.7089858000785767
solana,Solana,gbp,1762560000000,126.3,128.17,113.63,123.0,2025-11-08,-0.026282457251424862,138.04571428571427,146.194,0.6903519110961441
solana,Solana,gbp,1762905600000,122.87,130.35,117.34,117.34,2025-11-12,-0.04601626016260163,133.06285714285713,146.07633333333334,0.6585844979513948
solana,Solana,gbp,1763251200000,117.59,122.87,103.58,106.07,2025-11-16,-0.09604567922277152,128.26000000000002,145.204,0.5953303025200651
solana,Solana,gbp,1763596800000,105.83,108.78,98.36,104.45,2025-11-20,-0.015272932968794062,123.91714285714285,143.62433333333334,0.5862378627153843
solana,Solana,gbp,1763942400000,104.68,110.5,94.03,99.91,2025-11-24,-0.0434657730971757,116.73428571428573,142.36533333333333,0.5607565807936241
solana,Solana,gbp,1764288000000,99.71,109.1,98.28,106.36,2025-11-28,0.06455810229206294,111.92142857142858,141.43866666666665,0.5969579614974463
solana,Solana,gbp,1764633600000,106.38,108.3,93.38,95.95,2025-12-02,-0.09787514103046258,107.58285714285715,140.57666666666668,0.5385306168266263
